{
  "generic": {
    "openConfigGui": {
      "keys": "G,C"
    },
    "searchMobSpawnPoint": {
      "keys": ""
    },
    "searchMobSpawnPointBlackList": [],
    "syncAllEntityData": {
      "keys": ""
    },
    "debug": false,
    "autoSyncEntityData": true,
    "renderZombieVillagerConvertTime": {
      "enabled": true,
      "hotkey": {
        "keys": ""
      }
    },
    "renderTradeEnchantedBook": {
      "enabled": true,
      "hotkey": {
        "keys": ""
      }
    },
    "renderNextRestockTime": {
      "enabled": false,
      "hotkey": {
        "keys": ""
      }
    },
    "cacheContainerMenu": {
      "enabled": true,
      "hotkey": {
        "keys": ""
      }
    }
  },
  "litematica": {
    "betterEasyPlaceMode": {
      "enabled": true,
      "hotkey": {
        "keys": ""
      }
    },
    "fixAccurateProtocol": {
      "enabled": true,
      "hotkey": {
        "keys": ""
      }
    },
    "disableLitematicaEasyPlaceFailTip": {
      "enabled": true,
      "hotkey": {
        "keys": ""
      }
    },
    "saveInventoryToSchematicInServer": false,
    "useRelativePath": false,
    "nudgeSelectionSupportFreeCamera": true
  },
  "malilib": {
    "fastSwitchMasaConfigGui": {
      "enabled": true,
      "hotkey": {
        "keys": ""
      }
    },
    "favoritesSupport": {
      "enabled": false,
      "hotkey": {
        "keys": ""
      }
    },
    "showOriginalConfigName": {
      "enabled": false,
      "hotkey": {
        "keys": ""
      }
    },
    "favorites": {},
    "favoritesFilter": false,
    "optimizeConfigWidgetSearch": true,
    "showOriginalConfigNameScale": 0.65,
    "backportI18nSupport": true,
    "fixGetInventoryType": true,
    "fixConfigWidgetWidth": true,
    "fixSearchbarHotkeyInput": true
  },
  "minihud": {
    "compactBborProtocol": true,
    "pcaSyncProtocolSyncBeehive": true,
    "minihudI18n": {
      "enabled": true,
      "hotkey": {
        "keys": ""
      }
    }
  },
  "tweakeroo": {
    "autoSyncTradeOfferList": true,
    "inventoryPreviewSupportComparator": true,
    "inventoryPreviewSupportLargeBarrel": true,
    "inventoryPreviewSupportPlayer": true,
    "inventoryPreviewSupportSelect": {
      "enabled": true,
      "hotkey": {
        "keys": ""
      }
    },
    "inventoryPreviewSupportShulkerBoxItemEntity": true,
    "inventoryPreviewSupportTradeOfferList": true,
    "pcaSyncProtocol": true,
    "renderNextRestockTime": false,
    "renderTradeEnchantedBook": false,
    "renderZombieVillagerConvertTime": false,
    "restockWithCrafting": {
      "enabled": false,
      "hotkey": {
        "keys": ""
      }
    },
    "restockWithCraftingRecipes": [],
    "inventoryPreviewSyncDataClientOnly": {
      "enabled": false,
      "hotkey": {
        "keys": ""
      }
    },
    "inventoryPreviewSupportFreeCamera": true,
    "inventoryPreviewSyncData": {
      "enabled": true,
      "hotkey": {
        "keys": ""
      }
    },
    "inventoryPreviewUseCache": true
  },
  "configVersion": 1
}